"Reference","Qty","Value","MPN","MNF"
"C1,C2,C3","4","10u","CL21B106KOQNNNE","Samsung Electro-Mechanics"
"C4,C5,C6,C8,C12","5","22u","CL32B226MOJNNNE","Samsung Electro-Mechanics"
"C10","1","4u7","GRM188R61E475KE11D","Murata Electronics"
"C11","1","10u","EDH106M016A9BAA","KEMET"
"C16","1","1n","C0603C102K5RACTU","KEMET"
"C17,C26,C27","3","1u","C0603C105K4RACTU","KEMET"
"C18,C19","2","330n","C1608X7R1H334K080AC","TDK"
"C22,C40","2","12p","KGQ15ACG2D120GT","KYOCERA AVX"
"C30,C34,C35,C38,C39,C42,C44,C45,C47,C48,C49,C50,C51","15","100n","C0603C104K3RACTU","KEMET"
"C33","1","100p","GRM1885C1H101JA01D","Murata Electronics"
"C36,C41","2","33n","C0603C333K4RACTU","KEMET"
"C37","1","4.7m","EMHS160ARA472MLN0S","Chemi-Con"
"D1","1","LED_GREEN","LTST-C171KGKT","Lite-On Inc."
"D2,D10,D11","3","ESD9B5.0ST5G","ESD9B5.0ST5G","onsemi"
"D5","1","BAT760","BAT760","Shenzhen Slkormicro Semicon Co., Ltd."
"D6","1","SMAJ12A","SMAJ12A","Littelfuse Inc."
"D7","1","LED_RED","LTST-C171KRKT","Lite-On Inc."
"D8","1","LED_BLUE","LTST-C171TBKT","Lite-On Inc."
"D9","1","LED_ORANGE","LTST-C170KFKT","Lite-On Inc."
"J2","1","MEM2067-02-180-00-A","MEM2067-02-180-00-A","  GCT"
"J3","1","PJ-002AH-SMT-TR","PJ-002AH-SMT-TR","Same Sky (Formerly CUI Devices)"
"J4","1","SJ-3523-SMT-TR","SJ-3523-SMT-TR","Same Sky (Formerly CUI Devices)"
"J5","1","541324062","0541324062","Molex"
"J6","1","USB4110-GF-A","USB4110-GF-A","GCT"
"L1","1","4u7","1277AS-H-4R7M=P2","Murata Electronics"
"L2","1","10u","AOTA-C322512Q100MT","Abracon LLC"
"Q1,Q2","2","SS8050","SS8050","Shenzhen Slkormicro Semicon Co., Ltd."
"Q3","1","AO3400A","AO3400A","UMW"
"R1,R3,R37,R45,R51,R53,R54,R56,R57,R58,R60,R61,R62,R63,R64","17","10k","RC0603FR-0710KL","YAGEO"
"R6,R15","2","10R","CRCW080510R0JNEA","Vishay Dale"
"R7,R8,R9,R10","4","330R","RC0603FR-07330RL","YAGEO"
"R11,R13","2","40R2","CRCW080540R2FKEA","Vishay Dale"
"R12","1","56k","RC0603FR-0756KL","YAGEO"
"R14,R23","2","20R","CRCW080520R0JNEA","Vishay Dale"
"R16,R21","2","4k22","RC0603FR-074K22L","YAGEO"
"R17,R18","2","3k","RC0603FR-073KL","YAGEO"
"R19,R20,R22","3","100R","RC0603FR-07100RL","YAGEO"
"R24,R34","3","1k","RC0603FR-071KL","YAGEO"
"R25,R36,R38,R39,R41,R46,R48,R49,R50,R52","14","33R","RC0603FR-0733RL","YAGEO"
"R26,R28,R35","3","0R","RC0603JR-070RL","YAGEO"
"R27,R40","2","5k1","RC0603FR-075K1L","YAGEO"
"R29","1","158k","RC0603FR-07158KL","YAGEO"
"R30","1","30k","RC0603FR-0730KL","YAGEO"
"R31,R42","2","22k1","RC0603FR-0722K1L","YAGEO"
"R32","1","47k5","RC0603FR-1047K5L","YAGEO"
"R33","1","2k","RC0603FR-072KL","YAGEO"
"R44","1","82k5","RMCF0805FT82K5","Stackpole Electronics Inc"
"R55,R59","2","18k2","RC0603FR-0718K2L","YAGEO"
"SW1,SW2","2","SW_Push_1_Red","PTS645SK43SMTR92 LFS","C&K"
"SW3","1","SW_Push_2_Blue","PTS645SM43SMTR92 LFS","C&K"
"U1","1","ESP32-WROOM-32E-N4","ESP32-WROOM-32E-N4","Espressif Systems"
"U2","1","AP63203WU","AP63203WU-7","Diodes Incorporated"
"U3","1","AP63200WU","AP63200WU-7","Diodes Incorporated"
"U4","1","ATM90E26-YU","ATM90E26-YU-R","Microchip Technology"
"U5","1","ABS210-13","ABS210-13","Diodes Incorporated"
"U6","1","CP2102N-A02-GQFN28R","CP2102N-A02-GQFN28R","Silicon Labs"
"U7","1","MCP1727-3302E/SN","MCP1727T-3302E/SN","Microchip Technology"
"U8","1","TPS2121RUXR","TPS2121RUXR","Texas Instruments"
"U9","1","NHD-2.4-240320AF-CSXP","NHD-2.4-240320AF-CSXP","Newhaven Display Intl"
"Y1","1","ABLS-8.192MHZ-B2-T","ABLS-8.192MHZ-B2-T","Abracon LLC"
